id,city,ward,town,latitude,longitude,created_at,updated_at
63,築上郡築上町,,,33.635776,131.027304,2026-04-21 15:59:32 +0900,2026-04-21 15:59:32 +0900
62,築上郡吉富町,,,33.602329,131.15415,2026-04-21 15:59:32 +0900,2026-04-21 15:59:32 +0900
61,京都郡みやこ町,,,33.678274,130.955862,2026-04-21 15:59:32 +0900,2026-04-21 15:59:32 +0900
60,京都郡苅田町,,,33.81387,131.008671,2026-04-21 15:59:32 +0900,2026-04-21 15:59:32 +0900
59,田川郡川崎町,,,33.582986,130.79954,2026-04-21 15:59:31 +0900,2026-04-21 15:59:31 +0900
58,田川郡添田町,,,33.506807,130.81874,2026-04-21 15:59:31 +0900,2026-04-21 15:59:31 +0900
57,八女郡広川町,,,33.238816,130.509543,2026-04-21 15:59:31 +0900,2026-04-21 15:59:31 +0900
56,三井郡大刀洗町,,,33.367464,130.580186,2026-04-21 15:59:31 +0900,2026-04-21 15:59:31 +0900
55,朝倉郡筑前町,,,33.475263,130.561219,2026-04-21 15:59:31 +0900,2026-04-21 15:59:31 +0900
54,嘉穂郡桂川町,,,33.591559,130.654612,2026-04-21 15:59:31 +0900,2026-04-21 15:59:31 +0900
53,鞍手郡鞍手町,,,33.80163,130.642317,2026-04-21 15:59:31 +0900,2026-04-21 15:59:31 +0900
52,鞍手郡小竹町,,,33.68779,130.676127,2026-04-21 15:59:30 +0900,2026-04-21 15:59:30 +0900
51,遠賀郡遠賀町,,,33.813383,130.645992,2026-04-21 15:59:30 +0900,2026-04-21 15:59:30 +0900
50,遠賀郡岡垣町,,,33.861034,130.6226,2026-04-21 15:59:30 +0900,2026-04-21 15:59:30 +0900
49,遠賀郡水巻町,,,33.839484,130.711262,2026-04-21 15:59:30 +0900,2026-04-21 15:59:30 +0900
48,遠賀郡芦屋町,,,33.888896,130.645787,2026-04-21 15:59:30 +0900,2026-04-21 15:59:30 +0900
47,糟屋郡粕屋町,,,33.61918,130.452846,2026-04-21 15:59:30 +0900,2026-04-21 15:59:30 +0900
46,糟屋郡久山町,,,33.674903,130.472492,2026-04-21 15:59:30 +0900,2026-04-21 15:59:30 +0900
45,糟屋郡新宮町,,,33.713485,130.42058,2026-04-21 15:59:30 +0900,2026-04-21 15:59:30 +0900
44,糟屋郡須恵町,,,33.603756,130.489363,2026-04-21 15:59:30 +0900,2026-04-21 15:59:30 +0900
43,糟屋郡志免町,,,33.584473,130.477869,2026-04-21 15:59:30 +0900,2026-04-21 15:59:30 +0900
42,糟屋郡篠栗町,,,33.627079,130.514093,2026-04-21 15:59:30 +0900,2026-04-21 15:59:30 +0900
41,糟屋郡宇美町,,,33.567546,130.487472,2026-04-21 15:59:29 +0900,2026-04-21 15:59:29 +0900
40,那珂川市,,,33.509959,130.406271,2026-04-21 15:59:29 +0900,2026-04-21 15:59:29 +0900
39,糸島市,,,33.524486,130.165153,2026-04-21 15:59:29 +0900,2026-04-21 15:59:29 +0900
38,みやま市,,,33.088957,130.418357,2026-04-21 15:59:29 +0900,2026-04-21 15:59:29 +0900
37,朝倉市,,,33.399413,130.61609,2026-04-21 15:59:28 +0900,2026-04-21 15:59:28 +0900
36,嘉麻市,,,33.603282,130.700331,2026-04-21 15:59:28 +0900,2026-04-21 15:59:28 +0900
35,宮若市,,,33.773024,130.605882,2026-04-21 15:59:28 +0900,2026-04-21 15:59:28 +0900
34,福津市,,,33.755838,130.490999,2026-04-21 15:59:28 +0900,2026-04-21 15:59:28 +0900
33,古賀市,,,33.739158,130.504722,2026-04-21 15:59:28 +0900,2026-04-21 15:59:28 +0900
32,太宰府市,,,33.482568,130.488342,2026-04-21 15:59:28 +0900,2026-04-21 15:59:28 +0900
31,宗像市,,,33.799327,130.581127,2026-04-21 15:59:27 +0900,2026-04-21 15:59:27 +0900
30,大野城市,,,33.540491,130.493863,2026-04-21 15:59:27 +0900,2026-04-21 15:59:27 +0900
29,春日市,,,33.522965,130.434387,2026-04-21 15:59:27 +0900,2026-04-21 15:59:27 +0900
28,筑紫野市,,,33.468917,130.496299,2026-04-21 15:59:27 +0900,2026-04-21 15:59:27 +0900
27,小郡市,,,33.436676,130.536496,2026-04-21 15:59:27 +0900,2026-04-21 15:59:27 +0900
26,中間市,,,33.822797,130.669008,2026-04-21 15:59:27 +0900,2026-04-21 15:59:27 +0900
25,豊前市,,,33.592928,131.135369,2026-04-21 15:59:26 +0900,2026-04-21 15:59:26 +0900
24,行橋市,,,33.730906,130.90163,2026-04-21 15:59:26 +0900,2026-04-21 15:59:26 +0900
23,大川市,,,33.202131,130.341405,2026-04-21 15:59:26 +0900,2026-04-21 15:59:26 +0900
22,筑後市,,,33.174666,130.45425,2026-04-21 15:59:25 +0900,2026-04-21 15:59:25 +0900
21,八女市,,,33.201269,130.519387,2026-04-21 15:59:25 +0900,2026-04-21 15:59:25 +0900
20,柳川市,,,33.163473,130.425429,2026-04-21 15:59:25 +0900,2026-04-21 15:59:25 +0900
19,田川市,,,33.635886,130.756171,2026-04-21 15:59:24 +0900,2026-04-21 15:59:24 +0900
18,飯塚市,,,33.562923,130.612925,2026-04-21 15:59:24 +0900,2026-04-21 15:59:24 +0900
17,直方市,,,33.764609,130.684946,2026-04-21 15:59:24 +0900,2026-04-21 15:59:24 +0900
16,久留米市,,,33.255364,130.440214,2026-04-21 15:59:22 +0900,2026-04-21 15:59:22 +0900
15,大牟田市,,,33.021707,130.417087,2026-04-21 15:59:22 +0900,2026-04-21 15:59:22 +0900
14,福岡市早良区,,,33.495115,130.283475,2026-04-21 15:59:22 +0900,2026-04-21 15:59:22 +0900
13,福岡市城南区,,,33.549282,130.348392,2026-04-21 15:59:21 +0900,2026-04-21 15:59:21 +0900
12,福岡市西区,,,33.583783,130.245405,2026-04-21 15:59:21 +0900,2026-04-21 15:59:21 +0900
11,福岡市南区,,,33.518412,130.377134,2026-04-21 15:59:21 +0900,2026-04-21 15:59:21 +0900
10,福岡市中央区,,,33.594343,130.362416,2026-04-21 15:59:21 +0900,2026-04-21 15:59:21 +0900
9,福岡市博多区,,,33.609825,130.396958,2026-04-21 15:59:21 +0900,2026-04-21 15:59:21 +0900
8,福岡市東区,,,33.656604,130.442208,2026-04-21 15:59:21 +0900,2026-04-21 15:59:21 +0900
7,北九州市八幡西区,,,33.78385,130.737823,2026-04-21 15:59:20 +0900,2026-04-21 15:59:20 +0900
6,北九州市八幡東区,,,33.866,130.779908,2026-04-21 15:59:20 +0900,2026-04-21 15:59:20 +0900
5,北九州市小倉南区,,,33.85608,130.878022,2026-04-21 15:59:20 +0900,2026-04-21 15:59:20 +0900
4,北九州市小倉北区,,,33.881891,130.858652,2026-04-21 15:59:20 +0900,2026-04-21 15:59:20 +0900
3,北九州市戸畑区,,,33.87234,130.828144,2026-04-21 15:59:20 +0900,2026-04-21 15:59:20 +0900
2,北九州市若松区,,,33.91825,130.676113,2026-04-21 15:59:20 +0900,2026-04-21 15:59:20 +0900
1,北九州市門司区,,,33.875321,130.99822,2026-04-21 15:59:19 +0900,2026-04-21 15:59:19 +0900
